ts	session	user	owner	path	status
1755202400000	s-support-day	9	2	/orders/1002	200
1755202403000	s-support-day	9	9	/orders/1009	200
1755205220000	s-support-day	9	3	/orders/1003	200
1755205223000	s-support-day	9	9	/orders/1009	200
1755208460000	s-support-day	9	4	/orders/1004	200
1755208463000	s-support-day	9	9	/orders/1009	200
1755212120000	s-support-day	9	5	/orders/1005	200
1755212123000	s-support-day	9	9	/orders/1009	200
1755216200000	s-support-day	9	6	/orders/1006	200
1755216203000	s-support-day	9	9	/orders/1009	200
