bare-1	分不開	404|{"error":"Order not found"}	404|{"error":"Order not found"}
bare-10	分不開	404|{"error":"Order not found"}	404|{"error":"Order not found"}
bare-11	分不開	404|{"error":"Order not found"}	404|{"error":"Order not found"}
bare-12	分不開	404|{"error":"Order not found"}	404|{"error":"Order not found"}
bare-2	分不開	404|{"error":"Order not found"}	404|{"error":"Order not found"}
bare-3	分不開	404|{"error":"Order not found"}	404|{"error":"Order not found"}
bare-4	分得開	403|	404|
bare-5	分不開	404|{"error":"Order not found"}	404|{"error":"Order not found"}
bare-6	分不開	404|{"error":"Order not found"}	404|{"error":"Order not found"}
bare-7	分不開	404|{"error":"Order not found"}	404|{"error":"Order not found"}
bare-8	分不開	404|{"error":"Order not found"}	404|{"error":"Order not found"}
bare-9	分不開	404|{"error":"Order not found"}	404|{"error":"Order not found"}
owned-1	分不開	404|{"error":"Order not found"}	404|{"error":"Order not found"}
owned-10	分不開	404|	404|
owned-11	分不開	404|{"error":"Order not found"}	404|{"error":"Order not found"}
owned-12	分不開	404|	404|
owned-2	分不開	404|{"error":"Order not found"}	404|{"error":"Order not found"}
owned-3	分不開	404|{"error":"Order not found"}	404|{"error":"Order not found"}
owned-4	分不開	404|	404|
owned-5	分不開	404|{"error":"Order not found"}	404|{"error":"Order not found"}
owned-6	分不開	404|{"error":"Order not found"}	404|{"error":"Order not found"}
owned-7	分不開	404|	404|
owned-8	分不開	404|	404|
owned-9	分不開	404|	404|
vague-1	分不開	404|{"error":"Order not found"}	404|{"error":"Order not found"}
vague-10	分不開	404|{"error":"Order not found"}	404|{"error":"Order not found"}
vague-11	分不開	404|{"error":"Order not found"}	404|{"error":"Order not found"}
vague-12	分不開	404|{"error":"Order not found"}	404|{"error":"Order not found"}
vague-2	分不開	404|{"error":"Order not found"}	404|{"error":"Order not found"}
vague-3	分不開	404|{"error":"Order not found"}	404|{"error":"Order not found"}
vague-4	分不開	404|{"error":"Order not found"}	404|{"error":"Order not found"}
vague-5	分不開	404|	404|
vague-6	分不開	404|	404|
vague-7	分不開	404|{"error":"Order not found"}	404|{"error":"Order not found"}
vague-8	分不開	404|{"error":"Order not found"}	404|{"error":"Order not found"}
vague-9	分不開	404|	404|
nohint-1	分不開	404|{"error":"Order not found"}	404|{"error":"Order not found"}
nohint-10	分不開	404|{"error":"Order not found"}	404|{"error":"Order not found"}
nohint-11	分不開	404|{"error":"Order not found"}	404|{"error":"Order not found"}
nohint-12	分不開	404|{"error":"Order not found"}	404|{"error":"Order not found"}
nohint-2	分不開	404|{"error":"Order not found"}	404|{"error":"Order not found"}
nohint-3	分不開	404|{"error":"Order not found"}	404|{"error":"Order not found"}
nohint-4	分不開	404|{"error":"Order not found"}	404|{"error":"Order not found"}
nohint-5	分不開	404|{"error":"ORDER_NOT_FOUND"}	404|{"error":"ORDER_NOT_FOUND"}
nohint-6	分不開	404|{"error":"ORDER_NOT_FOUND"}	404|{"error":"ORDER_NOT_FOUND"}
nohint-7	分不開	404|{"error":"Order not found"}	404|{"error":"Order not found"}
nohint-8	分不開	404|{"error":"Order not found"}	404|{"error":"Order not found"}
nohint-9	分不開	404|	404|
patch-1	分不開	404|{"error":"Order not found"}	404|{"error":"Order not found"}
patch-10	分不開	404|{"error":"Order not found"}	404|{"error":"Order not found"}
patch-11	分不開	404|{"error":"Order not found"}	404|{"error":"Order not found"}
patch-12	分不開	404|{"error":"Order not found"}	404|{"error":"Order not found"}
patch-2	分不開	404|{"error":"Order not found"}	404|{"error":"Order not found"}
patch-3	分不開	404|{"error":"Order not found"}	404|{"error":"Order not found"}
patch-4	分不開	404|{"error":"Order not found"}	404|{"error":"Order not found"}
patch-5	分不開	404|{"error":"Order not found"}	404|{"error":"Order not found"}
patch-6	分不開	404|{"error":"Order not found"}	404|{"error":"Order not found"}
patch-7	分不開	404|{"error":"Order not found"}	404|{"error":"Order not found"}
patch-8	分不開	404|{"error":"Order not found"}	404|{"error":"Order not found"}
patch-9	分不開	404|{"error":"Order not found"}	404|{"error":"Order not found"}
patch-asked-1	分不開	404|{"error":"Order not found"}	404|{"error":"Order not found"}
patch-asked-10	分不開	404|{"error":"Order not found"}	404|{"error":"Order not found"}
patch-asked-11	分不開	404|{"error":"Order not found"}	404|{"error":"Order not found"}
patch-asked-12	分不開	404|{"error":"Order not found"}	404|{"error":"Order not found"}
patch-asked-2	分不開	404|{"error":"Order not found"}	404|{"error":"Order not found"}
patch-asked-3	分不開	404|{"error":"Order not found"}	404|{"error":"Order not found"}
patch-asked-4	分不開	404|{"error":"Order not found"}	404|{"error":"Order not found"}
patch-asked-5	分不開	404|{"error":"Order not found"}	404|{"error":"Order not found"}
patch-asked-6	分不開	404|{"error":"Order not found"}	404|{"error":"Order not found"}
patch-asked-7	分不開	404|{"error":"Order not found"}	404|{"error":"Order not found"}
patch-asked-8	分不開	404|{"error":"Order not found"}	404|{"error":"Order not found"}
patch-asked-9	分不開	404|{"error":"Order not found"}	404|{"error":"Order not found"}
nested-1	分不開	404|{"error":"Invoice not found"}	404|{"error":"Invoice not found"}
nested-10	分得開	403|{"error":"Forbidden"}	404|{"error":"Invoice not found"}
nested-11	分不開	404|{"error":"Invoice not found"}	404|{"error":"Invoice not found"}
nested-12	分不開	404|{"error":"Invoice not found"}	404|{"error":"Invoice not found"}
nested-2	分不開	404|	404|
nested-3	分不開	404|{"error":"Invoice not found"}	404|{"error":"Invoice not found"}
nested-4	分不開	404|{"error":"Invoice not found"}	404|{"error":"Invoice not found"}
nested-5	分不開	404|{"error":"Invoice not found"}	404|{"error":"Invoice not found"}
nested-6	分不開	404|	404|
nested-7	分不開	404|{"error":"Invoice not found"}	404|{"error":"Invoice not found"}
nested-8	分不開	404|{"error":"Invoice not found"}	404|{"error":"Invoice not found"}
nested-9	分不開	404|{"error":"Invoice not found"}	404|{"error":"Invoice not found"}
list-1	分不開	403|{"error":"Forbidden"}	403|{"error":"Forbidden"}
list-10	分不開	403|{"error":"Forbidden"}	403|{"error":"Forbidden"}
list-11	分不開	403|{"error":"Forbidden"}	403|{"error":"Forbidden"}
list-12	分不開	403|{"error":"Forbidden"}	403|{"error":"Forbidden"}
list-2	分不開	403|{"error":"Forbidden"}	403|{"error":"Forbidden"}
list-3	分不開	403|{"error":"Forbidden"}	403|{"error":"Forbidden"}
list-4	分不開	403|{"error":"Forbidden"}	403|{"error":"Forbidden"}
list-5	分不開	403|{"error":"Forbidden"}	403|{"error":"Forbidden"}
list-6	分不開	403|{"error":"Forbidden"}	403|{"error":"Forbidden"}
list-7	分不開	403|{"error":"Forbidden"}	403|{"error":"Forbidden"}
list-8	分不開	403|{"error":"Forbidden"}	403|{"error":"Forbidden"}
list-9	分不開	403|{"error":"無權查看此使用者的訂單"}	403|{"error":"無權查看此使用者的訂單"}
